SampleID,Target [1 for A->B; -1 for B->A and 0otherwise],Details [1 for A->B; 2 for A<-B; 3 for A-B; 4 for A|B]
train1,0,4
train2,1,1
train3,1,1
train4,1,1
train5,0,3
train6,1,1
train7,0,4
train8,0,4
train9,0,3
train10,0,3
train11,0,3
train12,-1,2
train13,0,3
train14,1,1
train15,0,3
train16,0,4
train17,0,4
train18,-1,2
train19,0,3
train20,0,4
train21,0,4
train22,0,3
train23,0,4
train24,1,1
train25,0,3
train26,1,1
train27,1,1
train28,0,4
train29,-1,2
train30,0,3
train31,0,3
train32,1,1
train33,1,1
train34,0,3
train35,0,4
train36,0,4
train37,1,1
train38,0,3
train39,0,3
train40,1,1
train41,0,3
train42,0,4
train43,-1,2
train44,-1,2
train45,0,3
train46,0,4
train47,0,4
train48,-1,2
train49,-1,2
train50,0,3
train51,0,4
train52,-1,2
train53,-1,2
train54,-1,2
train55,0,3
train56,0,4
train57,-1,2
train58,1,1
train59,0,4
train60,0,4
train61,0,3
train62,0,4
train63,0,4
train64,-1,2
train65,-1,2
train66,0,4
train67,1,1
train68,-1,2
train69,1,1
train70,0,3
train71,0,4
train72,1,1
train73,0,4
train74,0,4
train75,0,4
train76,1,1
train77,0,4
train78,0,4
train79,1,1
train80,1,1
train81,1,1
train82,0,3
train83,-1,2
train84,0,4
train85,0,4
train86,0,3
train87,0,4
train88,0,3
train89,-1,2
train90,0,3
train91,0,3
train92,0,4
train93,-1,2
train94,0,4
train95,0,3
train96,1,1
train97,-1,2
train98,-1,2
train99,0,4
train100,0,4
train101,0,4
train102,0,3
train103,-1,2
train104,0,3
train105,0,3
train106,0,3
train107,0,3
train108,0,4
train109,1,1
train110,0,4
train111,-1,2
train112,1,1
train113,1,1
train114,0,4
train115,0,3
train116,0,4
train117,0,3
train118,1,1
train119,0,4
train120,-1,2
train121,0,3
train122,0,3
train123,-1,2
train124,1,1
train125,-1,2
train126,0,3
train127,0,4
train128,0,4
train129,1,1
train130,1,1
train131,0,3
train132,-1,2
train133,0,3
train134,-1,2
train135,0,4
train136,-1,2
train137,-1,2
train138,0,3
train139,-1,2
train140,0,3
train141,-1,2
train142,-1,2
train143,0,4
train144,0,4
train145,1,1
train146,0,4
train147,0,3
train148,0,4
train149,-1,2
train150,1,1
train151,1,1
train152,-1,2
train153,-1,2
train154,-1,2
train155,0,4
train156,-1,2
train157,0,3
train158,0,4
train159,1,1
train160,1,1
train161,-1,2
train162,-1,2
train163,1,1
train164,-1,2
train165,0,4
train166,1,1
train167,-1,2
train168,1,1
train169,-1,2
train170,1,1
train171,-1,2
train172,0,4
train173,0,4
train174,0,4
train175,1,1
train176,1,1
train177,0,4
train178,0,4
train179,-1,2
train180,0,3
train181,1,1
train182,1,1
train183,1,1
train184,0,4
train185,0,3
train186,0,4
train187,1,1
train188,0,3
train189,-1,2
train190,1,1
train191,-1,2
train192,0,4
train193,0,4
train194,0,4
train195,0,3
train196,-1,2
train197,0,4
train198,1,1
train199,0,3
train200,0,4
train201,1,1
train202,-1,2
train203,0,3
train204,-1,2
train205,-1,2
train206,-1,2
train207,0,4
train208,0,4
train209,0,3
train210,0,3
train211,1,1
train212,0,4
train213,0,4
train214,0,3
train215,1,1
train216,-1,2
train217,0,3
train218,0,4
train219,-1,2
train220,0,3
train221,1,1
train222,-1,2
train223,-1,2
train224,0,3
train225,-1,2
train226,-1,2
train227,0,3
train228,0,3
train229,1,1
train230,0,4
train231,1,1
train232,0,3
train233,1,1
train234,0,4
train235,1,1
train236,0,3
train237,1,1
train238,-1,2
train239,1,1
train240,1,1
train241,-1,2
train242,-1,2
train243,1,1
train244,1,1
train245,1,1
train246,0,4
train247,0,3
train248,1,1
train249,1,1
train250,-1,2
train251,1,1
train252,0,3
train253,-1,2
train254,0,4
train255,-1,2
train256,0,4
train257,0,4
train258,0,4
train259,0,4
train260,1,1
train261,0,4
train262,0,3
train263,1,1
train264,1,1
train265,-1,2
train266,0,4
train267,0,4
train268,1,1
train269,0,3
train270,0,4
train271,1,1
train272,0,4
train273,0,4
train274,1,1
train275,0,4
train276,0,3
train277,0,3
train278,-1,2
train279,1,1
train280,0,4
train281,0,4
train282,1,1
train283,-1,2
train284,1,1
train285,1,1
train286,-1,2
train287,1,1
train288,1,1
train289,1,1
train290,0,4
train291,0,3
train292,0,4
train293,0,3
train294,0,3
train295,0,3
train296,1,1
train297,-1,2
train298,-1,2
train299,1,1
train300,1,1
train301,-1,2
train302,0,3
train303,0,4
train304,-1,2
train305,-1,2
train306,0,3
train307,1,1
train308,-1,2
train309,-1,2
train310,0,3
train311,0,3
train312,0,4
train313,1,1
train314,-1,2
train315,0,3
train316,0,3
train317,0,4
train318,1,1
train319,-1,2
train320,0,3
train321,0,3
train322,1,1
train323,0,3
train324,1,1
train325,-1,2
train326,0,4
train327,-1,2
train328,1,1
train329,-1,2
train330,0,4
train331,0,3
train332,-1,2
train333,1,1
train334,0,4
train335,0,3
train336,1,1
train337,0,4
train338,0,4
train339,0,3
train340,0,4
train341,-1,2
train342,0,4
train343,0,3
train344,0,4
train345,0,3
train346,-1,2
train347,0,4
train348,-1,2
train349,-1,2
train350,-1,2
train351,-1,2
train352,-1,2
train353,0,3
train354,-1,2
train355,1,1
train356,0,3
train357,-1,2
train358,0,3
train359,1,1
train360,0,4
train361,-1,2
train362,-1,2
train363,-1,2
train364,0,4
train365,-1,2
train366,1,1
train367,0,4
train368,0,4
train369,0,3
train370,0,4
train371,0,4
train372,0,4
train373,-1,2
train374,0,3
train375,0,3
train376,0,4
train377,0,3
train378,0,3
train379,1,1
train380,0,4
train381,1,1
train382,0,3
train383,1,1
train384,0,4
train385,1,1
train386,0,3
train387,0,4
train388,-1,2
train389,0,4
train390,-1,2
train391,0,3
train392,1,1
train393,1,1
train394,1,1
train395,0,4
train396,1,1
train397,0,3
train398,0,4
train399,0,3
train400,1,1
train401,0,4
train402,0,3
train403,0,3
train404,0,3
train405,1,1
train406,0,4
train407,0,3
train408,1,1
train409,-1,2
train410,-1,2
train411,1,1
train412,0,3
train413,0,4
train414,0,3
train415,-1,2
train416,0,4
train417,1,1
train418,0,3
train419,-1,2
train420,0,4
train421,1,1
train422,1,1
train423,1,1
train424,0,3
train425,1,1
train426,-1,2
train427,0,3
train428,-1,2
train429,0,3
train430,0,4
train431,0,4
train432,0,3
train433,-1,2
train434,1,1
train435,0,3
train436,-1,2
train437,0,4
train438,-1,2
train439,-1,2
train440,-1,2
train441,-1,2
train442,-1,2
train443,1,1
train444,0,3
train445,0,3
train446,0,4
train447,1,1
train448,0,4
train449,-1,2
train450,-1,2
train451,0,4
train452,0,4
train453,0,3
train454,0,3
train455,1,1
train456,0,3
train457,0,3
train458,0,4
train459,1,1
train460,0,3
train461,0,4
train462,0,4
train463,0,3
train464,1,1
train465,1,1
train466,-1,2
train467,0,4
train468,1,1
train469,0,3
train470,-1,2
train471,1,1
train472,0,3
train473,0,3
train474,-1,2
train475,1,1
train476,0,4
train477,0,3
train478,0,3
train479,0,3
train480,-1,2
train481,0,4
train482,0,3
train483,0,4
train484,1,1
train485,1,1
train486,0,3
train487,0,3
train488,0,3
train489,0,3
train490,0,3
train491,1,1
train492,1,1
train493,0,3
train494,0,4
train495,1,1
train496,0,3
train497,1,1
train498,-1,2
train499,0,3
train500,0,3
train501,-1,2
train502,-1,2
train503,0,4
train504,1,1
train505,0,3
train506,0,4
train507,0,3
train508,0,3
train509,1,1
train510,0,4
train511,0,3
train512,1,1
train513,1,1
train514,-1,2
train515,0,3
train516,1,1
train517,1,1
train518,0,4
train519,-1,2
train520,1,1
train521,-1,2
train522,0,3
train523,0,3
train524,1,1
train525,-1,2
train526,-1,2
train527,0,3
train528,0,4
train529,-1,2
train530,-1,2
train531,0,4
train532,-1,2
train533,-1,2
train534,0,4
train535,1,1
train536,0,3
train537,1,1
train538,0,4
train539,-1,2
train540,0,3
train541,-1,2
train542,0,4
train543,1,1
train544,0,4
train545,0,3
train546,1,1
train547,0,3
train548,0,3
train549,0,4
train550,-1,2
train551,0,4
train552,1,1
train553,-1,2
train554,0,3
train555,0,4
train556,-1,2
train557,0,4
train558,0,3
train559,0,3
train560,0,3
train561,-1,2
train562,-1,2
train563,1,1
train564,1,1
train565,-1,2
train566,1,1
train567,0,4
train568,-1,2
train569,-1,2
train570,-1,2
train571,-1,2
train572,-1,2
train573,-1,2
train574,0,4
train575,0,3
train576,0,4
train577,1,1
train578,-1,2
train579,1,1
train580,0,4
train581,-1,2
train582,1,1
train583,-1,2
train584,-1,2
train585,0,4
train586,0,4
train587,1,1
train588,0,3
train589,1,1
train590,0,3
train591,0,4
train592,-1,2
train593,0,3
train594,-1,2
train595,1,1
train596,0,3
train597,-1,2
train598,0,3
train599,0,4
train600,0,3
train601,1,1
train602,-1,2
train603,0,3
train604,0,4
train605,-1,2
train606,0,4
train607,1,1
train608,0,3
train609,0,4
train610,-1,2
train611,-1,2
train612,-1,2
train613,-1,2
train614,0,4
train615,1,1
train616,0,4
train617,-1,2
train618,1,1
train619,0,4
train620,0,3
train621,1,1
train622,0,3
train623,1,1
train624,-1,2
train625,-1,2
train626,0,4
train627,0,4
train628,0,3
train629,1,1
train630,1,1
train631,-1,2
train632,1,1
train633,-1,2
train634,0,3
train635,0,3
train636,-1,2
train637,0,4
train638,-1,2
train639,0,3
train640,-1,2
train641,0,3
train642,0,3
train643,-1,2
train644,-1,2
train645,0,4
train646,0,4
train647,0,4
train648,-1,2
train649,0,4
train650,0,4
train651,1,1
train652,0,4
train653,0,3
train654,0,3
train655,0,3
train656,1,1
train657,0,3
train658,0,4
train659,-1,2
train660,-1,2
train661,0,3
train662,0,3
train663,0,3
train664,0,4
train665,-1,2
train666,0,4
train667,0,3
train668,0,3
train669,0,4
train670,0,3
train671,1,1
train672,0,3
train673,0,3
train674,0,4
train675,0,3
train676,0,4
train677,0,3
train678,0,4
train679,-1,2
train680,0,3
train681,-1,2
train682,1,1
train683,1,1
train684,1,1
train685,-1,2
train686,0,4
train687,0,3
train688,0,4
train689,0,4
train690,0,4
train691,0,4
train692,-1,2
train693,-1,2
train694,0,3
train695,-1,2
train696,1,1
train697,-1,2
train698,1,1
train699,0,3
train700,-1,2
train701,1,1
train702,0,4
train703,0,3
train704,-1,2
train705,-1,2
train706,1,1
train707,0,3
train708,0,3
train709,1,1
train710,1,1
train711,-1,2
train712,-1,2
train713,1,1
train714,1,1
train715,0,4
train716,0,4
train717,0,4
train718,0,4
train719,1,1
train720,0,3
train721,0,3
train722,1,1
train723,1,1
train724,-1,2
train725,1,1
train726,1,1
train727,0,3
train728,-1,2
train729,0,4
train730,1,1
train731,0,4
train732,1,1
train733,0,4
train734,1,1
train735,-1,2
train736,1,1
train737,1,1
train738,0,3
train739,-1,2
train740,-1,2
train741,0,3
train742,-1,2
train743,1,1
train744,0,3
train745,1,1
train746,-1,2
train747,1,1
train748,0,3
train749,0,3
train750,1,1
train751,0,3
train752,0,4
train753,0,4
train754,1,1
train755,-1,2
train756,1,1
train757,1,1
train758,-1,2
train759,-1,2
train760,-1,2
train761,-1,2
train762,-1,2
train763,1,1
train764,0,4
train765,0,4
train766,-1,2
train767,0,4
train768,-1,2
train769,0,4
train770,0,4
train771,1,1
train772,0,4
train773,-1,2
train774,0,4
train775,1,1
train776,0,4
train777,0,4
train778,0,4
train779,1,1
train780,0,3
train781,-1,2
train782,-1,2
train783,0,4
train784,0,4
train785,0,4
train786,-1,2
train787,-1,2
train788,-1,2
train789,0,4
train790,1,1
train791,0,3
train792,1,1
train793,0,3
train794,0,3
train795,-1,2
train796,0,4
train797,0,3
train798,0,3
train799,1,1
train800,1,1
train801,0,4
train802,0,3
train803,1,1
train804,0,3
train805,0,4
train806,-1,2
train807,0,3
train808,-1,2
train809,1,1
train810,0,4
train811,0,4
train812,-1,2
train813,0,4
train814,0,4
train815,1,1
train816,0,4
train817,0,4
train818,0,4
train819,0,4
train820,0,3
train821,1,1
train822,0,3
train823,0,3
train824,0,3
train825,0,4
train826,0,3
train827,1,1
train828,1,1
train829,-1,2
train830,1,1
train831,0,4
train832,-1,2
train833,0,4
train834,0,4
train835,0,4
train836,0,4
train837,-1,2
train838,1,1
train839,-1,2
train840,1,1
train841,0,3
train842,0,4
train843,-1,2
train844,-1,2
train845,1,1
train846,0,3
train847,1,1
train848,-1,2
train849,0,3
train850,0,4
train851,1,1
train852,0,4
train853,0,3
train854,0,3
train855,1,1
train856,-1,2
train857,0,4
train858,-1,2
train859,1,1
train860,1,1
train861,0,3
train862,1,1
train863,-1,2
train864,1,1
train865,-1,2
train866,-1,2
train867,-1,2
train868,0,3
train869,0,3
train870,0,3
train871,1,1
train872,0,3
train873,0,3
train874,-1,2
train875,-1,2
train876,0,4
train877,1,1
train878,0,3
train879,0,4
train880,0,3
train881,0,3
train882,1,1
train883,0,3
train884,0,4
train885,0,3
train886,0,3
train887,1,1
train888,0,4
train889,1,1
train890,0,4
train891,-1,2
train892,0,3
train893,-1,2
train894,1,1
train895,0,3
train896,-1,2
train897,1,1
train898,1,1
train899,1,1
train900,1,1
train901,1,1
train902,0,4
train903,1,1
train904,-1,2
train905,0,4
train906,1,1
train907,1,1
train908,-1,2
train909,0,4
train910,0,3
train911,-1,2
train912,0,4
train913,-1,2
train914,0,3
train915,0,3
train916,0,4
train917,0,3
train918,0,3
train919,0,3
train920,0,3
train921,1,1
train922,-1,2
train923,0,3
train924,-1,2
train925,0,3
train926,-1,2
train927,0,4
train928,1,1
train929,0,3
train930,1,1
train931,1,1
train932,0,3
train933,1,1
train934,-1,2
train935,0,4
train936,0,4
train937,0,3
train938,0,3
train939,1,1
train940,1,1
train941,1,1
train942,1,1
train943,-1,2
train944,0,4
train945,0,3
train946,0,4
train947,0,4
train948,1,1
train949,0,3
train950,-1,2
train951,0,4
train952,1,1
train953,0,4
train954,0,3
train955,-1,2
train956,0,3
train957,0,3
train958,0,4
train959,1,1
train960,-1,2
train961,-1,2
train962,-1,2
train963,1,1
train964,1,1
train965,0,3
train966,0,3
train967,0,4
train968,0,4
train969,1,1
train970,-1,2
train971,-1,2
train972,1,1
train973,1,1
train974,-1,2
train975,1,1
train976,0,3
train977,-1,2
train978,0,3
train979,1,1
train980,1,1
train981,-1,2
train982,0,3
train983,-1,2
train984,-1,2
train985,0,4
train986,1,1
train987,1,1
train988,0,3
train989,1,1
train990,0,3
train991,-1,2
train992,0,4
train993,-1,2
train994,-1,2
train995,0,3
train996,0,3
train997,1,1
train998,-1,2
train999,0,4
train1000,1,1
train1001,1,1
train1002,0,4
train1003,-1,2
train1004,-1,2
train1005,1,1
train1006,-1,2
train1007,0,4
train1008,1,1
train1009,0,3
train1010,0,3
train1011,1,1
train1012,0,4
train1013,1,1
train1014,-1,2
train1015,0,4
train1016,0,3
train1017,0,4
train1018,1,1
train1019,0,4
train1020,1,1
train1021,-1,2
train1022,1,1
train1023,0,3
train1024,-1,2
train1025,1,1
train1026,1,1
train1027,-1,2
train1028,0,4
train1029,1,1
train1030,0,3
train1031,0,3
train1032,0,3
train1033,-1,2
train1034,0,3
train1035,-1,2
train1036,0,4
train1037,-1,2
train1038,0,4
train1039,0,4
train1040,0,3
train1041,0,3
train1042,-1,2
train1043,-1,2
train1044,0,4
train1045,-1,2
train1046,0,4
train1047,0,4
train1048,0,3
train1049,1,1
train1050,0,3
train1051,-1,2
train1052,0,3
train1053,0,4
train1054,0,3
train1055,0,3
train1056,1,1
train1057,0,3
train1058,0,4
train1059,-1,2
train1060,0,3
train1061,0,3
train1062,0,3
train1063,0,3
train1064,0,3
train1065,-1,2
train1066,0,4
train1067,1,1
train1068,0,3
train1069,-1,2
train1070,0,4
train1071,1,1
train1072,-1,2
train1073,0,3
train1074,-1,2
train1075,1,1
train1076,1,1
train1077,0,3
train1078,1,1
train1079,-1,2
train1080,0,4
train1081,1,1
train1082,0,3
train1083,0,4
train1084,0,4
train1085,1,1
train1086,-1,2
train1087,-1,2
train1088,-1,2
train1089,1,1
train1090,0,3
train1091,0,4
train1092,1,1
train1093,0,3
train1094,0,4
train1095,-1,2
train1096,0,4
train1097,1,1
train1098,-1,2
train1099,0,3
train1100,0,3
train1101,0,4
train1102,-1,2
train1103,-1,2
train1104,-1,2
train1105,-1,2
train1106,0,4
train1107,-1,2
train1108,0,3
train1109,1,1
train1110,-1,2
train1111,0,3
train1112,0,4
train1113,0,4
train1114,1,1
train1115,0,3
train1116,1,1
train1117,-1,2
train1118,-1,2
train1119,0,4
train1120,1,1
train1121,0,4
train1122,0,4
train1123,0,3
train1124,1,1
train1125,0,3
train1126,0,4
train1127,-1,2
train1128,0,3
train1129,-1,2
train1130,0,4
train1131,0,4
train1132,-1,2
train1133,0,3
train1134,-1,2
train1135,-1,2
train1136,0,4
train1137,1,1
train1138,0,3
train1139,-1,2
train1140,-1,2
train1141,0,3
train1142,1,1
train1143,0,3
train1144,0,3
train1145,1,1
train1146,0,3
train1147,1,1
train1148,-1,2
train1149,0,3
train1150,1,1
train1151,0,4
train1152,0,3
train1153,1,1
train1154,-1,2
train1155,0,4
train1156,1,1
train1157,-1,2
train1158,0,4
train1159,0,3
train1160,-1,2
train1161,0,3
train1162,0,4
train1163,1,1
train1164,1,1
train1165,-1,2
train1166,-1,2
train1167,-1,2
train1168,1,1
train1169,0,3
train1170,1,1
train1171,0,3
train1172,-1,2
train1173,-1,2
train1174,0,4
train1175,1,1
train1176,1,1
train1177,-1,2
train1178,1,1
train1179,0,3
train1180,0,4
train1181,-1,2
train1182,1,1
train1183,-1,2
train1184,1,1
train1185,-1,2
train1186,-1,2
train1187,0,4
train1188,-1,2
train1189,0,4
train1190,0,3
train1191,0,4
train1192,-1,2
train1193,-1,2
train1194,-1,2
train1195,1,1
train1196,1,1
train1197,0,4
train1198,-1,2
train1199,0,3
train1200,-1,2
train1201,0,4
train1202,0,3
train1203,0,4
train1204,0,3
train1205,0,4
train1206,0,4
train1207,0,4
train1208,0,3
train1209,-1,2
train1210,0,3
train1211,1,1
train1212,1,1
train1213,0,4
train1214,1,1
train1215,1,1
train1216,1,1
train1217,-1,2
train1218,1,1
train1219,-1,2
train1220,0,3
train1221,-1,2
train1222,-1,2
train1223,1,1
train1224,-1,2
train1225,0,4
train1226,1,1
train1227,0,3
train1228,-1,2
train1229,-1,2
train1230,-1,2
train1231,1,1
train1232,-1,2
train1233,0,4
train1234,0,4
train1235,0,4
train1236,1,1
train1237,-1,2
train1238,0,3
train1239,-1,2
train1240,0,4
train1241,-1,2
train1242,-1,2
train1243,1,1
train1244,-1,2
train1245,0,3
train1246,-1,2
train1247,1,1
train1248,0,3
train1249,0,3
train1250,0,4
train1251,0,4
train1252,-1,2
train1253,1,1
train1254,-1,2
train1255,0,3
train1256,0,3
train1257,0,4
train1258,1,1
train1259,1,1
train1260,0,4
train1261,1,1
train1262,0,3
train1263,0,4
train1264,1,1
train1265,1,1
train1266,0,3
train1267,1,1
train1268,-1,2
train1269,1,1
train1270,-1,2
train1271,1,1
train1272,0,3
train1273,0,3
train1274,1,1
train1275,-1,2
train1276,0,4
train1277,0,3
train1278,1,1
train1279,0,4
train1280,1,1
train1281,0,4
train1282,1,1
train1283,0,3
train1284,0,4
train1285,0,3
train1286,1,1
train1287,0,3
train1288,-1,2
train1289,-1,2
train1290,-1,2
train1291,0,4
train1292,-1,2
train1293,-1,2
train1294,0,3
train1295,0,3
train1296,-1,2
train1297,1,1
train1298,1,1
train1299,1,1
train1300,-1,2
train1301,-1,2
train1302,0,4
train1303,0,4
train1304,-1,2
train1305,-1,2
train1306,0,3
train1307,1,1
train1308,0,4
train1309,-1,2
train1310,1,1
train1311,-1,2
train1312,0,3
train1313,-1,2
train1314,0,3
train1315,-1,2
train1316,-1,2
train1317,0,3
train1318,0,3
train1319,0,3
train1320,1,1
train1321,0,4
train1322,0,3
train1323,-1,2
train1324,1,1
train1325,0,3
train1326,0,3
train1327,0,4
train1328,0,4
train1329,0,4
train1330,0,4
train1331,0,3
train1332,-1,2
train1333,0,3
train1334,0,4
train1335,0,4
train1336,0,4
train1337,0,3
train1338,1,1
train1339,0,3
train1340,-1,2
train1341,0,3
train1342,1,1
train1343,-1,2
train1344,1,1
train1345,-1,2
train1346,0,4
train1347,-1,2
train1348,1,1
train1349,-1,2
train1350,1,1
train1351,0,4
train1352,1,1
train1353,0,4
train1354,0,4
train1355,1,1
train1356,0,4
train1357,1,1
train1358,-1,2
train1359,0,3
train1360,0,3
train1361,0,4
train1362,-1,2
train1363,0,4
train1364,-1,2
train1365,0,4
train1366,0,4
train1367,0,3
train1368,-1,2
train1369,-1,2
train1370,0,3
train1371,-1,2
train1372,-1,2
train1373,-1,2
train1374,0,3
train1375,-1,2
train1376,0,4
train1377,-1,2
train1378,0,3
train1379,1,1
train1380,1,1
train1381,0,3
train1382,-1,2
train1383,-1,2
train1384,-1,2
train1385,0,4
train1386,-1,2
train1387,-1,2
train1388,1,1
train1389,0,3
train1390,1,1
train1391,1,1
train1392,-1,2
train1393,0,3
train1394,1,1
train1395,-1,2
train1396,1,1
train1397,0,3
train1398,-1,2
train1399,0,3
train1400,0,4
train1401,1,1
train1402,0,3
train1403,-1,2
train1404,0,4
train1405,-1,2
train1406,-1,2
train1407,0,3
train1408,0,4
train1409,-1,2
train1410,0,4
train1411,0,3
train1412,0,3
train1413,-1,2
train1414,0,3
train1415,1,1
train1416,0,4
train1417,1,1
train1418,0,4
train1419,1,1
train1420,1,1
train1421,0,3
train1422,1,1
train1423,0,4
train1424,-1,2
train1425,0,4
train1426,-1,2
train1427,1,1
train1428,0,3
train1429,1,1
train1430,-1,2
train1431,1,1
train1432,1,1
train1433,0,3
train1434,0,4
train1435,1,1
train1436,0,4
train1437,1,1
train1438,0,4
train1439,0,4
train1440,0,4
train1441,0,3
train1442,-1,2
train1443,0,4
train1444,0,4
train1445,1,1
train1446,0,4
train1447,0,4
train1448,-1,2
train1449,0,3
train1450,-1,2
train1451,1,1
train1452,0,4
train1453,0,4
train1454,-1,2
train1455,1,1
train1456,1,1
train1457,1,1
train1458,-1,2
train1459,0,3
train1460,-1,2
train1461,-1,2
train1462,0,4
train1463,0,4
train1464,0,3
train1465,1,1
train1466,-1,2
train1467,-1,2
train1468,0,3
train1469,-1,2
train1470,0,3
train1471,1,1
train1472,-1,2
train1473,1,1
train1474,1,1
train1475,-1,2
train1476,0,4
train1477,0,4
train1478,0,3
train1479,0,4
train1480,0,4
train1481,0,4
train1482,0,4
train1483,1,1
train1484,-1,2
train1485,0,3
train1486,0,4
train1487,0,3
train1488,-1,2
train1489,1,1
train1490,0,4
train1491,0,4
train1492,0,4
train1493,-1,2
train1494,0,4
train1495,0,4
train1496,0,3
train1497,-1,2
train1498,1,1
train1499,1,1
train1500,0,3
train1501,0,3
train1502,0,4
train1503,-1,2
train1504,1,1
train1505,1,1
train1506,1,1
train1507,-1,2
train1508,1,1
train1509,0,4
train1510,-1,2
train1511,0,4
train1512,1,1
train1513,1,1
train1514,0,4
train1515,1,1
train1516,0,4
train1517,0,4
train1518,0,3
train1519,0,3
train1520,1,1
train1521,1,1
train1522,-1,2
train1523,0,3
train1524,-1,2
train1525,0,3
train1526,-1,2
train1527,0,4
train1528,1,1
train1529,0,4
train1530,0,4
train1531,0,4
train1532,0,3
train1533,0,3
train1534,0,3
train1535,-1,2
train1536,1,1
train1537,0,4
train1538,0,4
train1539,0,4
train1540,1,1
train1541,1,1
train1542,0,4
train1543,1,1
train1544,1,1
train1545,-1,2
train1546,0,3
train1547,0,3
train1548,0,3
train1549,-1,2
train1550,0,3
train1551,1,1
train1552,1,1
train1553,-1,2
train1554,-1,2
train1555,0,3
train1556,0,4
train1557,0,4
train1558,0,3
train1559,-1,2
train1560,0,4
train1561,-1,2
train1562,-1,2
train1563,0,4
train1564,-1,2
train1565,1,1
train1566,0,4
train1567,1,1
train1568,0,4
train1569,1,1
train1570,1,1
train1571,0,3
train1572,-1,2
train1573,-1,2
train1574,0,4
train1575,1,1
train1576,-1,2
train1577,1,1
train1578,0,4
train1579,0,3
train1580,0,4
train1581,1,1
train1582,0,4
train1583,-1,2
train1584,1,1
train1585,0,3
train1586,0,4
train1587,0,3
train1588,0,4
train1589,1,1
train1590,-1,2
train1591,0,3
train1592,0,4
train1593,-1,2
train1594,0,3
train1595,0,3
train1596,-1,2
train1597,0,4
train1598,0,4
train1599,0,3
train1600,1,1
train1601,-1,2
train1602,1,1
train1603,-1,2
train1604,0,4
train1605,-1,2
train1606,-1,2
train1607,0,4
train1608,-1,2
train1609,0,4
train1610,1,1
train1611,0,3
train1612,-1,2
train1613,-1,2
train1614,-1,2
train1615,0,4
train1616,0,3
train1617,0,4
train1618,0,4
train1619,-1,2
train1620,-1,2
train1621,0,3
train1622,-1,2
train1623,1,1
train1624,1,1
train1625,0,4
train1626,-1,2
train1627,1,1
train1628,-1,2
train1629,0,3
train1630,1,1
train1631,0,3
train1632,0,4
train1633,0,3
train1634,0,4
train1635,-1,2
train1636,0,3
train1637,-1,2
train1638,0,4
train1639,-1,2
train1640,1,1
train1641,0,3
train1642,0,3
train1643,-1,2
train1644,-1,2
train1645,0,3
train1646,0,3
train1647,0,4
train1648,1,1
train1649,1,1
train1650,-1,2
train1651,0,3
train1652,1,1
train1653,0,3
train1654,-1,2
train1655,1,1
train1656,-1,2
train1657,0,4
train1658,1,1
train1659,0,3
train1660,1,1
train1661,0,4
train1662,1,1
train1663,-1,2
train1664,-1,2
train1665,1,1
train1666,1,1
train1667,0,4
train1668,-1,2
train1669,0,3
train1670,0,3
train1671,0,3
train1672,0,3
train1673,-1,2
train1674,1,1
train1675,-1,2
train1676,0,3
train1677,0,3
train1678,1,1
train1679,0,4
train1680,-1,2
train1681,0,4
train1682,1,1
train1683,-1,2
train1684,0,3
train1685,0,4
train1686,1,1
train1687,0,4
train1688,-1,2
train1689,1,1
train1690,1,1
train1691,-1,2
train1692,1,1
train1693,-1,2
train1694,1,1
train1695,0,3
train1696,0,4
train1697,-1,2
train1698,-1,2
train1699,1,1
train1700,0,3
train1701,1,1
train1702,0,3
train1703,0,3
train1704,0,3
train1705,1,1
train1706,0,3
train1707,0,4
train1708,0,3
train1709,1,1
train1710,-1,2
train1711,-1,2
train1712,1,1
train1713,0,3
train1714,-1,2
train1715,-1,2
train1716,0,3
train1717,1,1
train1718,0,4
train1719,1,1
train1720,0,3
train1721,0,4
train1722,0,3
train1723,0,3
train1724,0,4
train1725,-1,2
train1726,-1,2
train1727,0,4
train1728,0,3
train1729,1,1
train1730,-1,2
train1731,0,4
train1732,0,4
train1733,0,3
train1734,-1,2
train1735,0,4
train1736,-1,2
train1737,0,3
train1738,-1,2
train1739,0,4
train1740,1,1
train1741,0,4
train1742,1,1
train1743,0,3
train1744,-1,2
train1745,0,4
train1746,-1,2
train1747,0,4
train1748,0,4
train1749,0,3
train1750,-1,2
train1751,-1,2
train1752,0,3
train1753,1,1
train1754,1,1
train1755,-1,2
train1756,0,4
train1757,0,3
train1758,0,4
train1759,-1,2
train1760,0,3
train1761,0,4
train1762,0,3
train1763,1,1
train1764,1,1
train1765,0,4
train1766,1,1
train1767,1,1
train1768,0,4
train1769,1,1
train1770,-1,2
train1771,0,3
train1772,0,4
train1773,1,1
train1774,0,4
train1775,0,4
train1776,0,4
train1777,-1,2
train1778,1,1
train1779,0,4
train1780,0,3
train1781,0,4
train1782,0,3
train1783,0,4
train1784,-1,2
train1785,1,1
train1786,1,1
train1787,0,4
train1788,0,3
train1789,0,4
train1790,0,4
train1791,0,3
train1792,0,4
train1793,1,1
train1794,0,4
train1795,0,4
train1796,0,3
train1797,0,4
train1798,1,1
train1799,1,1
train1800,0,3
train1801,1,1
train1802,0,3
train1803,-1,2
train1804,1,1
train1805,0,3
train1806,-1,2
train1807,0,4
train1808,0,4
train1809,-1,2
train1810,0,3
train1811,-1,2
train1812,0,4
train1813,0,4
train1814,0,4
train1815,-1,2
train1816,1,1
train1817,0,4
train1818,1,1
train1819,0,3
train1820,-1,2
train1821,-1,2
train1822,0,3
train1823,0,3
train1824,0,3
train1825,-1,2
train1826,1,1
train1827,0,3
train1828,-1,2
train1829,-1,2
train1830,0,4
train1831,0,4
train1832,0,3
train1833,0,3
train1834,0,3
train1835,0,3
train1836,-1,2
train1837,0,4
train1838,1,1
train1839,1,1
train1840,0,3
train1841,-1,2
train1842,1,1
train1843,1,1
train1844,0,4
train1845,-1,2
train1846,1,1
train1847,1,1
train1848,1,1
train1849,0,3
train1850,0,4
train1851,1,1
train1852,1,1
train1853,-1,2
train1854,-1,2
train1855,-1,2
train1856,0,3
train1857,0,4
train1858,0,4
train1859,1,1
train1860,0,3
train1861,-1,2
train1862,0,3
train1863,0,3
train1864,1,1
train1865,-1,2
train1866,-1,2
train1867,0,3
train1868,0,4
train1869,-1,2
train1870,-1,2
train1871,1,1
train1872,-1,2
train1873,-1,2
train1874,1,1
train1875,0,4
train1876,1,1
train1877,0,3
train1878,0,3
train1879,-1,2
train1880,1,1
train1881,-1,2
train1882,1,1
train1883,-1,2
train1884,-1,2
train1885,-1,2
train1886,1,1
train1887,0,4
train1888,0,4
train1889,-1,2
train1890,1,1
train1891,0,3
train1892,0,3
train1893,1,1
train1894,0,4
train1895,1,1
train1896,1,1
train1897,1,1
train1898,1,1
train1899,-1,2
train1900,0,3
train1901,0,3
train1902,0,3
train1903,0,3
train1904,-1,2
train1905,-1,2
train1906,0,4
train1907,1,1
train1908,1,1
train1909,0,3
train1910,1,1
train1911,0,3
train1912,0,3
train1913,-1,2
train1914,0,3
train1915,0,4
train1916,0,4
train1917,0,3
train1918,-1,2
train1919,0,3
train1920,0,3
train1921,1,1
train1922,0,3
train1923,0,4
train1924,0,3
train1925,-1,2
train1926,0,4
train1927,-1,2
train1928,0,3
train1929,0,4
train1930,-1,2
train1931,1,1
train1932,0,3
train1933,-1,2
train1934,0,3
train1935,0,4
train1936,-1,2
train1937,0,3
train1938,-1,2
train1939,0,3
train1940,1,1
train1941,0,3
train1942,0,4
train1943,0,4
train1944,-1,2
train1945,0,4
train1946,1,1
train1947,-1,2
train1948,1,1
train1949,-1,2
train1950,-1,2
train1951,0,3
train1952,0,3
train1953,1,1
train1954,-1,2
train1955,-1,2
train1956,1,1
train1957,0,4
train1958,0,4
train1959,0,3
train1960,0,3
train1961,-1,2
train1962,1,1
train1963,0,4
train1964,-1,2
train1965,0,4
train1966,1,1
train1967,1,1
train1968,0,4
train1969,-1,2
train1970,1,1
train1971,0,3
train1972,0,4
train1973,-1,2
train1974,0,3
train1975,1,1
train1976,0,4
train1977,0,3
train1978,-1,2
train1979,1,1
train1980,0,4
train1981,0,3
train1982,0,3
train1983,-1,2
train1984,0,3
train1985,0,3
train1986,0,4
train1987,-1,2
train1988,1,1
train1989,1,1
train1990,0,3
train1991,0,3
train1992,0,4
train1993,0,3
train1994,1,1
train1995,0,4
train1996,0,3
train1997,-1,2
train1998,0,4
train1999,-1,2
train2000,0,4
train2001,1,1
train2002,0,3
train2003,0,4
train2004,-1,2
train2005,0,3
train2006,0,3
train2007,0,4
train2008,-1,2
train2009,-1,2
train2010,0,3
train2011,0,3
train2012,0,3
train2013,1,1
train2014,-1,2
train2015,0,3
train2016,-1,2
train2017,0,4
train2018,0,4
train2019,1,1
train2020,0,4
train2021,1,1
train2022,-1,2
train2023,-1,2
train2024,0,3
train2025,-1,2
train2026,0,4
train2027,0,3
train2028,0,3
train2029,0,3
train2030,1,1
train2031,0,3
train2032,0,3
train2033,0,3
train2034,1,1
train2035,0,4
train2036,0,3
train2037,0,4
train2038,-1,2
train2039,0,3
train2040,0,3
train2041,0,3
train2042,0,3
train2043,0,3
train2044,1,1
train2045,-1,2
train2046,0,4
train2047,0,4
train2048,0,3
train2049,0,3
train2050,1,1
train2051,0,4
train2052,0,4
train2053,0,3
train2054,0,3
train2055,1,1
train2056,-1,2
train2057,0,4
train2058,1,1
train2059,1,1
train2060,-1,2
train2061,1,1
train2062,-1,2
train2063,1,1
train2064,0,3
train2065,0,3
train2066,0,4
train2067,1,1
train2068,-1,2
train2069,-1,2
train2070,0,4
train2071,0,4
train2072,1,1
train2073,-1,2
train2074,0,3
train2075,0,3
train2076,-1,2
train2077,0,3
train2078,-1,2
train2079,-1,2
train2080,1,1
train2081,-1,2
train2082,0,4
train2083,1,1
train2084,0,4
train2085,1,1
train2086,-1,2
train2087,-1,2
train2088,0,4
train2089,-1,2
train2090,1,1
train2091,0,4
train2092,0,3
train2093,0,4
train2094,-1,2
train2095,0,3
train2096,0,3
train2097,-1,2
train2098,-1,2
train2099,0,4
train2100,-1,2
train2101,0,4
train2102,-1,2
train2103,-1,2
train2104,0,3
train2105,-1,2
train2106,-1,2
train2107,1,1
train2108,0,3
train2109,-1,2
train2110,1,1
train2111,0,4
train2112,-1,2
train2113,1,1
train2114,0,3
train2115,0,3
train2116,0,4
train2117,0,3
train2118,-1,2
train2119,0,4
train2120,1,1
train2121,-1,2
train2122,0,4
train2123,-1,2
train2124,0,4
train2125,0,4
train2126,0,3
train2127,-1,2
train2128,0,4
train2129,0,4
train2130,0,4
train2131,0,3
train2132,-1,2
train2133,1,1
train2134,-1,2
train2135,0,4
train2136,-1,2
train2137,1,1
train2138,-1,2
train2139,0,4
train2140,1,1
train2141,0,3
train2142,0,4
train2143,0,3
train2144,0,3
train2145,-1,2
train2146,-1,2
train2147,1,1
train2148,1,1
train2149,1,1
train2150,-1,2
train2151,0,4
train2152,-1,2
train2153,1,1
train2154,0,3
train2155,-1,2
train2156,-1,2
train2157,1,1
train2158,-1,2
train2159,1,1
train2160,-1,2
train2161,1,1
train2162,-1,2
train2163,-1,2
train2164,0,3
train2165,0,4
train2166,-1,2
train2167,0,4
train2168,0,3
train2169,0,4
train2170,0,3
train2171,0,3
train2172,0,3
train2173,0,3
train2174,0,3
train2175,0,4
train2176,-1,2
train2177,0,4
train2178,0,4
train2179,0,4
train2180,0,4
train2181,-1,2
train2182,1,1
train2183,1,1
train2184,1,1
train2185,-1,2
train2186,0,4
train2187,-1,2
train2188,0,3
train2189,0,4
train2190,0,4
train2191,0,4
train2192,0,3
train2193,0,3
train2194,0,4
train2195,0,3
train2196,1,1
train2197,0,3
train2198,-1,2
train2199,0,3
train2200,0,4
train2201,-1,2
train2202,-1,2
train2203,0,3
train2204,0,4
train2205,0,3
train2206,0,4
train2207,0,4
train2208,0,3
train2209,1,1
train2210,-1,2
train2211,0,4
train2212,-1,2
train2213,1,1
train2214,-1,2
train2215,0,3
train2216,-1,2
train2217,0,3
train2218,1,1
train2219,0,4
train2220,1,1
train2221,0,3
train2222,-1,2
train2223,-1,2
train2224,0,4
train2225,-1,2
train2226,1,1
train2227,1,1
train2228,-1,2
train2229,-1,2
train2230,1,1
train2231,0,3
train2232,-1,2
train2233,1,1
train2234,0,4
train2235,-1,2
train2236,0,4
train2237,-1,2
train2238,1,1
train2239,0,4
train2240,0,4
train2241,-1,2
train2242,0,4
train2243,0,4
train2244,0,4
train2245,0,3
train2246,0,4
train2247,0,4
train2248,1,1
train2249,0,3
train2250,0,4
train2251,0,3
train2252,-1,2
train2253,-1,2
train2254,1,1
train2255,1,1
train2256,-1,2
train2257,0,3
train2258,0,4
train2259,0,3
train2260,0,3
train2261,0,4
train2262,0,3
train2263,1,1
train2264,0,3
train2265,1,1
train2266,1,1
train2267,-1,2
train2268,0,4
train2269,0,3
train2270,0,3
train2271,1,1
train2272,0,4
train2273,0,4
train2274,1,1
train2275,-1,2
train2276,1,1
train2277,0,4
train2278,0,4
train2279,1,1
train2280,0,3
train2281,1,1
train2282,-1,2
train2283,0,4
train2284,1,1
train2285,-1,2
train2286,1,1
train2287,-1,2
train2288,0,3
train2289,-1,2
train2290,0,4
train2291,0,3
train2292,0,4
train2293,0,3
train2294,1,1
train2295,0,3
train2296,-1,2
train2297,0,4
train2298,1,1
train2299,-1,2
train2300,-1,2
train2301,0,4
train2302,-1,2
train2303,0,3
train2304,-1,2
train2305,1,1
train2306,0,4
train2307,-1,2
train2308,0,4
train2309,0,4
train2310,-1,2
train2311,1,1
train2312,1,1
train2313,0,3
train2314,-1,2
train2315,-1,2
train2316,0,3
train2317,0,3
train2318,0,3
train2319,0,3
train2320,-1,2
train2321,-1,2
train2322,0,4
train2323,1,1
train2324,0,4
train2325,1,1
train2326,0,4
train2327,0,3
train2328,0,3
train2329,-1,2
train2330,-1,2
train2331,0,3
train2332,0,4
train2333,-1,2
train2334,1,1
train2335,0,4
train2336,-1,2
train2337,0,4
train2338,0,3
train2339,1,1
train2340,1,1
train2341,0,3
train2342,1,1
train2343,-1,2
train2344,0,4
train2345,-1,2
train2346,0,4
train2347,1,1
train2348,1,1
train2349,1,1
train2350,1,1
train2351,0,3
train2352,1,1
train2353,1,1
train2354,0,3
train2355,0,3
train2356,0,3
train2357,0,3
train2358,-1,2
train2359,1,1
train2360,0,3
train2361,-1,2
train2362,1,1
train2363,0,3
train2364,1,1
train2365,0,3
train2366,1,1
train2367,0,4
train2368,-1,2
train2369,-1,2
train2370,0,3
train2371,0,4
train2372,0,3
train2373,0,4
train2374,0,3
train2375,1,1
train2376,-1,2
train2377,0,4
train2378,1,1
train2379,0,3
train2380,0,3
train2381,0,3
train2382,-1,2
train2383,1,1
train2384,0,4
train2385,0,4
train2386,-1,2
train2387,1,1
train2388,0,4
train2389,0,3
train2390,-1,2
train2391,0,4
train2392,-1,2
train2393,-1,2
train2394,-1,2
train2395,0,4
train2396,0,3
train2397,1,1
train2398,1,1
train2399,0,4
train2400,0,4
train2401,1,1
train2402,1,1
train2403,0,3
train2404,1,1
train2405,0,3
train2406,-1,2
train2407,1,1
train2408,0,4
train2409,-1,2
train2410,0,4
train2411,0,4
train2412,0,3
train2413,1,1
train2414,-1,2
train2415,-1,2
train2416,0,3
train2417,0,3
train2418,-1,2
train2419,-1,2
train2420,-1,2
train2421,0,4
train2422,1,1
train2423,0,3
train2424,0,3
train2425,-1,2
train2426,1,1
train2427,-1,2
train2428,-1,2
train2429,1,1
train2430,1,1
train2431,0,4
train2432,-1,2
train2433,0,4
train2434,1,1
train2435,0,4
train2436,1,1
train2437,0,4
train2438,1,1
train2439,1,1
train2440,-1,2
train2441,-1,2
train2442,0,4
train2443,0,3
train2444,1,1
train2445,1,1
train2446,-1,2
train2447,0,3
train2448,0,4
train2449,1,1
train2450,1,1
train2451,-1,2
train2452,-1,2
train2453,0,3
train2454,1,1
train2455,-1,2
train2456,1,1
train2457,1,1
train2458,1,1
train2459,1,1
train2460,1,1
train2461,-1,2
train2462,0,4
train2463,1,1
train2464,0,3
train2465,0,4
train2466,-1,2
train2467,1,1
train2468,1,1
train2469,0,4
train2470,1,1
train2471,0,4
train2472,-1,2
train2473,-1,2
train2474,-1,2
train2475,1,1
train2476,-1,2
train2477,0,4
train2478,0,4
train2479,1,1
train2480,0,3
train2481,0,4
train2482,1,1
train2483,-1,2
train2484,0,3
train2485,-1,2
train2486,0,3
train2487,1,1
train2488,0,3
train2489,1,1
train2490,-1,2
train2491,-1,2
train2492,0,3
train2493,0,4
train2494,0,4
train2495,1,1
train2496,1,1
train2497,1,1
train2498,0,4
train2499,0,4
train2500,1,1
train2501,0,3
train2502,0,3
train2503,0,3
train2504,0,4
train2505,-1,2
train2506,-1,2
train2507,0,4
train2508,1,1
train2509,1,1
train2510,-1,2
train2511,1,1
train2512,-1,2
train2513,-1,2
train2514,1,1
train2515,1,1
train2516,-1,2
train2517,1,1
train2518,0,4
train2519,1,1
train2520,0,3
train2521,1,1
train2522,0,3
train2523,0,4
train2524,0,3
train2525,0,3
train2526,0,4
train2527,1,1
train2528,0,4
train2529,-1,2
train2530,0,4
train2531,0,3
train2532,-1,2
train2533,-1,2
train2534,1,1
train2535,-1,2
train2536,-1,2
train2537,0,3
train2538,0,4
train2539,0,4
train2540,-1,2
train2541,0,3
train2542,1,1
train2543,0,4
train2544,0,4
train2545,1,1
train2546,0,4
train2547,0,4
train2548,0,3
train2549,1,1
train2550,-1,2
train2551,0,4
train2552,0,4
train2553,0,4
train2554,0,4
train2555,0,4
train2556,0,3
train2557,0,3
train2558,1,1
train2559,0,4
train2560,0,3
train2561,-1,2
train2562,0,3
train2563,1,1
train2564,0,3
train2565,0,3
train2566,0,3
train2567,0,4
train2568,0,4
train2569,1,1
train2570,0,4
train2571,0,4
train2572,-1,2
train2573,-1,2
train2574,0,4
train2575,1,1
train2576,1,1
train2577,1,1
train2578,0,3
train2579,0,4
train2580,0,3
train2581,-1,2
train2582,-1,2
train2583,-1,2
train2584,-1,2
train2585,0,4
train2586,0,4
train2587,-1,2
train2588,0,4
train2589,0,4
train2590,-1,2
train2591,-1,2
train2592,1,1
train2593,-1,2
train2594,0,4
train2595,-1,2
train2596,0,3
train2597,1,1
train2598,0,3
train2599,1,1
train2600,0,3
train2601,0,3
train2602,1,1
train2603,1,1
train2604,1,1
train2605,-1,2
train2606,1,1
train2607,1,1
train2608,1,1
train2609,0,4
train2610,0,3
train2611,0,3
train2612,1,1
train2613,0,4
train2614,1,1
train2615,-1,2
train2616,0,4
train2617,0,3
train2618,-1,2
train2619,-1,2
train2620,1,1
train2621,-1,2
train2622,0,4
train2623,0,4
train2624,-1,2
train2625,1,1
train2626,0,4
train2627,-1,2
train2628,-1,2
train2629,-1,2
train2630,-1,2
train2631,0,4
train2632,0,3
train2633,1,1
train2634,1,1
train2635,-1,2
train2636,1,1
train2637,0,4
train2638,0,3
train2639,1,1
train2640,1,1
train2641,1,1
train2642,0,3
train2643,0,3
train2644,0,4
train2645,-1,2
train2646,-1,2
train2647,0,3
train2648,0,3
train2649,0,3
train2650,-1,2
train2651,1,1
train2652,0,4
train2653,0,4
train2654,-1,2
train2655,0,3
train2656,0,3
train2657,0,4
train2658,0,4
train2659,0,4
train2660,0,3
train2661,1,1
train2662,0,4
train2663,-1,2
train2664,0,4
train2665,-1,2
train2666,-1,2
train2667,-1,2
train2668,0,3
train2669,-1,2
train2670,1,1
train2671,1,1
train2672,0,4
train2673,-1,2
train2674,0,3
train2675,-1,2
train2676,0,3
train2677,0,3
train2678,1,1
train2679,0,4
train2680,1,1
train2681,1,1
train2682,0,4
train2683,0,4
train2684,0,3
train2685,0,3
train2686,0,4
train2687,0,4
train2688,-1,2
train2689,0,3
train2690,0,3
train2691,0,4
train2692,0,3
train2693,0,4
train2694,-1,2
train2695,0,3
train2696,0,4
train2697,0,4
train2698,-1,2
train2699,-1,2
train2700,-1,2
train2701,-1,2
train2702,0,4
train2703,-1,2
train2704,0,4
train2705,-1,2
train2706,1,1
train2707,0,4
train2708,-1,2
train2709,1,1
train2710,0,4
train2711,0,3
train2712,-1,2
train2713,0,3
train2714,1,1
train2715,1,1
train2716,-1,2
train2717,0,4
train2718,0,3
train2719,0,4
train2720,0,3
train2721,-1,2
train2722,0,3
train2723,0,3
train2724,0,3
train2725,1,1
train2726,0,4
train2727,1,1
train2728,0,4
train2729,0,3
train2730,0,3
train2731,0,4
train2732,1,1
train2733,0,4
train2734,-1,2
train2735,1,1
train2736,1,1
train2737,0,4
train2738,0,4
train2739,-1,2
train2740,0,3
train2741,0,4
train2742,0,3
train2743,-1,2
train2744,-1,2
train2745,0,4
train2746,-1,2
train2747,1,1
train2748,0,4
train2749,0,4
train2750,1,1
train2751,0,3
train2752,-1,2
train2753,1,1
train2754,0,3
train2755,0,4
train2756,0,4
train2757,1,1
train2758,-1,2
train2759,0,4
train2760,-1,2
train2761,0,3
train2762,0,4
train2763,-1,2
train2764,0,3
train2765,0,3
train2766,-1,2
train2767,-1,2
train2768,0,3
train2769,-1,2
train2770,0,3
train2771,0,3
train2772,0,3
train2773,1,1
train2774,1,1
train2775,-1,2
train2776,-1,2
train2777,1,1
train2778,0,4
train2779,0,3
train2780,0,4
train2781,0,4
train2782,-1,2
train2783,1,1
train2784,0,3
train2785,1,1
train2786,-1,2
train2787,0,4
train2788,0,3
train2789,-1,2
train2790,0,4
train2791,1,1
train2792,1,1
train2793,0,4
train2794,0,3
train2795,0,3
train2796,0,3
train2797,0,3
train2798,-1,2
train2799,0,3
train2800,0,4
train2801,1,1
train2802,-1,2
train2803,0,4
train2804,1,1
train2805,0,4
train2806,1,1
train2807,1,1
train2808,0,4
train2809,1,1
train2810,0,4
train2811,-1,2
train2812,0,3
train2813,0,4
train2814,1,1
train2815,0,3
train2816,-1,2
train2817,-1,2
train2818,0,4
train2819,0,3
train2820,0,4
train2821,1,1
train2822,0,4
train2823,1,1
train2824,0,4
train2825,-1,2
train2826,0,3
train2827,0,4
train2828,0,4
train2829,1,1
train2830,0,3
train2831,0,3
train2832,-1,2
train2833,-1,2
train2834,0,4
train2835,0,3
train2836,0,3
train2837,0,4
train2838,0,3
train2839,-1,2
train2840,-1,2
train2841,1,1
train2842,1,1
train2843,0,4
train2844,0,3
train2845,0,4
train2846,0,3
train2847,1,1
train2848,0,4
train2849,1,1
train2850,0,3
train2851,0,4
train2852,0,3
train2853,1,1
train2854,1,1
train2855,1,1
train2856,1,1
train2857,-1,2
train2858,0,3
train2859,-1,2
train2860,-1,2
train2861,-1,2
train2862,0,4
train2863,-1,2
train2864,1,1
train2865,1,1
train2866,1,1
train2867,1,1
train2868,0,4
train2869,1,1
train2870,-1,2
train2871,1,1
train2872,0,4
train2873,0,3
train2874,0,4
train2875,0,4
train2876,0,3
train2877,-1,2
train2878,0,3
train2879,1,1
train2880,0,3
train2881,0,4
train2882,1,1
train2883,0,3
train2884,-1,2
train2885,-1,2
train2886,0,3
train2887,0,4
train2888,0,3
train2889,0,4
train2890,0,3
train2891,0,3
train2892,0,3
train2893,-1,2
train2894,1,1
train2895,1,1
train2896,0,3
train2897,0,4
train2898,1,1
train2899,0,4
train2900,0,3
train2901,0,3
train2902,1,1
train2903,0,4
train2904,0,4
train2905,0,4
train2906,0,4
train2907,0,4
train2908,-1,2
train2909,1,1
train2910,0,3
train2911,1,1
train2912,1,1
train2913,1,1
train2914,0,4
train2915,-1,2
train2916,0,3
train2917,1,1
train2918,0,3
train2919,-1,2
train2920,0,3
train2921,-1,2
train2922,-1,2
train2923,0,3
train2924,0,4
train2925,0,4
train2926,1,1
train2927,1,1
train2928,0,4
train2929,0,3
train2930,-1,2
train2931,1,1
train2932,0,3
train2933,0,3
train2934,0,4
train2935,0,4
train2936,-1,2
train2937,0,3
train2938,0,4
train2939,1,1
train2940,0,4
train2941,-1,2
train2942,0,4
train2943,1,1
train2944,-1,2
train2945,0,3
train2946,0,4
train2947,0,4
train2948,1,1
train2949,0,4
train2950,-1,2
train2951,1,1
train2952,0,3
train2953,0,4
train2954,1,1
train2955,0,4
train2956,-1,2
train2957,1,1
train2958,0,3
train2959,1,1
train2960,0,3
train2961,0,4
train2962,-1,2
train2963,0,4
train2964,0,4
train2965,1,1
train2966,0,3
train2967,1,1
train2968,0,3
train2969,0,4
train2970,0,4
train2971,0,4
train2972,-1,2
train2973,1,1
train2974,0,4
train2975,1,1
train2976,-1,2
train2977,-1,2
train2978,0,3
train2979,0,4
train2980,0,4
train2981,0,4
train2982,-1,2
train2983,1,1
train2984,0,4
train2985,0,3
train2986,0,4
train2987,1,1
train2988,0,4
train2989,-1,2
train2990,1,1
train2991,0,3
train2992,0,3
train2993,-1,2
train2994,0,3
train2995,-1,2
train2996,0,3
train2997,1,1
train2998,0,3
train2999,0,3
train3000,0,3
train3001,0,4
train3002,0,3
train3003,1,1
train3004,0,4
train3005,-1,2
train3006,0,4
train3007,0,4
train3008,0,3
train3009,0,4
train3010,-1,2
train3011,0,3
train3012,0,3
train3013,1,1
train3014,1,1
train3015,0,4
train3016,0,4
train3017,1,1
train3018,0,4
train3019,0,3
train3020,1,1
train3021,-1,2
train3022,0,3
train3023,0,4
train3024,0,3
train3025,1,1
train3026,0,3
train3027,0,3
train3028,-1,2
train3029,0,4
train3030,-1,2
train3031,0,4
train3032,0,4
train3033,0,3
train3034,0,4
train3035,-1,2
train3036,0,3
train3037,0,3
train3038,0,4
train3039,0,3
train3040,0,4
train3041,-1,2
train3042,1,1
train3043,-1,2
train3044,0,3
train3045,0,4
train3046,0,4
train3047,0,4
train3048,0,3
train3049,-1,2
train3050,0,4
train3051,1,1
train3052,0,3
train3053,1,1
train3054,0,3
train3055,0,3
train3056,-1,2
train3057,0,4
train3058,0,3
train3059,-1,2
train3060,0,3
train3061,-1,2
train3062,1,1
train3063,1,1
train3064,-1,2
train3065,0,4
train3066,0,3
train3067,0,4
train3068,1,1
train3069,1,1
train3070,1,1
train3071,0,4
train3072,1,1
train3073,0,3
train3074,0,3
train3075,-1,2
train3076,-1,2
train3077,0,4
train3078,-1,2
train3079,0,4
train3080,0,4
train3081,0,3
train3082,-1,2
train3083,1,1
train3084,0,3
train3085,0,4
train3086,1,1
train3087,-1,2
train3088,0,4
train3089,0,3
train3090,1,1
train3091,0,4
train3092,-1,2
train3093,0,3
train3094,1,1
train3095,0,3
train3096,-1,2
train3097,0,3
train3098,-1,2
train3099,-1,2
train3100,1,1
train3101,1,1
train3102,0,4
train3103,0,4
train3104,0,3
train3105,1,1
train3106,-1,2
train3107,1,1
train3108,0,3
train3109,0,3
train3110,0,3
train3111,1,1
train3112,-1,2
train3113,0,3
train3114,0,4
train3115,0,3
train3116,1,1
train3117,1,1
train3118,0,3
train3119,0,4
train3120,-1,2
train3121,0,3
train3122,0,3
train3123,0,4
train3124,-1,2
train3125,1,1
train3126,0,3
train3127,0,4
train3128,0,3
train3129,1,1
train3130,1,1
train3131,1,1
train3132,1,1
train3133,0,3
train3134,1,1
train3135,-1,2
train3136,0,4
train3137,-1,2
train3138,0,4
train3139,1,1
train3140,1,1
train3141,1,1
train3142,0,3
train3143,0,4
train3144,0,4
train3145,0,4
train3146,-1,2
train3147,-1,2
train3148,0,3
train3149,0,4
train3150,-1,2
train3151,0,3
train3152,0,4
train3153,1,1
train3154,0,4
train3155,0,4
train3156,-1,2
train3157,0,3
train3158,0,4
train3159,0,4
train3160,1,1
train3161,-1,2
train3162,1,1
train3163,0,4
train3164,1,1
train3165,1,1
train3166,1,1
train3167,1,1
train3168,1,1
train3169,-1,2
train3170,1,1
train3171,1,1
train3172,0,3
train3173,1,1
train3174,-1,2
train3175,1,1
train3176,0,4
train3177,0,4
train3178,-1,2
train3179,-1,2
train3180,1,1
train3181,0,3
train3182,-1,2
train3183,-1,2
train3184,1,1
train3185,-1,2
train3186,0,3
train3187,0,3
train3188,0,3
train3189,0,4
train3190,-1,2
train3191,0,4
train3192,-1,2
train3193,0,3
train3194,1,1
train3195,1,1
train3196,1,1
train3197,0,3
train3198,0,3
train3199,0,4
train3200,0,4
train3201,0,4
train3202,1,1
train3203,0,3
train3204,0,3
train3205,0,4
train3206,0,4
train3207,-1,2
train3208,0,4
train3209,1,1
train3210,0,3
train3211,0,4
train3212,-1,2
train3213,0,3
train3214,0,4
train3215,1,1
train3216,0,4
train3217,1,1
train3218,0,3
train3219,0,3
train3220,1,1
train3221,0,4
train3222,-1,2
train3223,0,3
train3224,0,3
train3225,-1,2
train3226,0,4
train3227,0,3
train3228,0,4
train3229,-1,2
train3230,0,3
train3231,1,1
train3232,-1,2
train3233,-1,2
train3234,1,1
train3235,0,3
train3236,0,3
train3237,-1,2
train3238,0,3
train3239,0,3
train3240,0,4
train3241,0,4
train3242,0,4
train3243,-1,2
train3244,1,1
train3245,1,1
train3246,0,3
train3247,-1,2
train3248,1,1
train3249,0,4
train3250,0,3
train3251,1,1
train3252,0,4
train3253,0,3
train3254,0,3
train3255,1,1
train3256,0,3
train3257,1,1
train3258,-1,2
train3259,0,3
train3260,0,4
train3261,0,3
train3262,0,4
train3263,1,1
train3264,0,3
train3265,1,1
train3266,1,1
train3267,-1,2
train3268,0,4
train3269,0,3
train3270,0,3
train3271,1,1
train3272,0,4
train3273,0,3
train3274,1,1
train3275,0,4
train3276,0,3
train3277,0,4
train3278,0,3
train3279,0,4
train3280,-1,2
train3281,-1,2
train3282,1,1
train3283,0,3
train3284,0,3
train3285,1,1
train3286,1,1
train3287,1,1
train3288,0,3
train3289,0,3
train3290,0,4
train3291,0,3
train3292,0,4
train3293,0,4
train3294,-1,2
train3295,-1,2
train3296,0,3
train3297,0,4
train3298,0,3
train3299,-1,2
train3300,0,3
train3301,0,4
train3302,0,4
train3303,0,4
train3304,0,4
train3305,0,3
train3306,0,4
train3307,0,4
train3308,0,3
train3309,0,3
train3310,0,4
train3311,-1,2
train3312,1,1
train3313,1,1
train3314,0,3
train3315,1,1
train3316,-1,2
train3317,-1,2
train3318,-1,2
train3319,0,3
train3320,0,4
train3321,1,1
train3322,1,1
train3323,-1,2
train3324,1,1
train3325,0,3
train3326,-1,2
train3327,0,4
train3328,-1,2
train3329,-1,2
train3330,0,3
train3331,-1,2
train3332,-1,2
train3333,0,3
train3334,1,1
train3335,-1,2
train3336,-1,2
train3337,0,4
train3338,0,3
train3339,0,3
train3340,1,1
train3341,0,4
train3342,0,4
train3343,-1,2
train3344,0,4
train3345,0,4
train3346,1,1
train3347,-1,2
train3348,-1,2
train3349,0,4
train3350,-1,2
train3351,0,4
train3352,-1,2
train3353,0,3
train3354,-1,2
train3355,0,4
train3356,1,1
train3357,-1,2
train3358,-1,2
train3359,1,1
train3360,-1,2
train3361,-1,2
train3362,1,1
train3363,1,1
train3364,0,4
train3365,-1,2
train3366,1,1
train3367,-1,2
train3368,-1,2
train3369,-1,2
train3370,0,4
train3371,1,1
train3372,-1,2
train3373,0,3
train3374,-1,2
train3375,-1,2
train3376,-1,2
train3377,1,1
train3378,1,1
train3379,1,1
train3380,-1,2
train3381,-1,2
train3382,0,4
train3383,-1,2
train3384,0,3
train3385,0,4
train3386,0,4
train3387,-1,2
train3388,1,1
train3389,-1,2
train3390,0,3
train3391,0,3
train3392,1,1
train3393,0,4
train3394,0,3
train3395,-1,2
train3396,-1,2
train3397,0,4
train3398,0,4
train3399,0,4
train3400,1,1
train3401,-1,2
train3402,0,4
train3403,-1,2
train3404,0,4
train3405,-1,2
train3406,0,3
train3407,-1,2
train3408,0,4
train3409,0,3
train3410,0,4
train3411,-1,2
train3412,-1,2
train3413,1,1
train3414,0,3
train3415,0,3
train3416,0,3
train3417,0,3
train3418,0,3
train3419,-1,2
train3420,-1,2
train3421,0,4
train3422,0,3
train3423,0,4
train3424,0,3
train3425,-1,2
train3426,-1,2
train3427,0,3
train3428,0,3
train3429,-1,2
train3430,0,3
train3431,0,3
train3432,1,1
train3433,-1,2
train3434,1,1
train3435,1,1
train3436,-1,2
train3437,1,1
train3438,1,1
train3439,0,3
train3440,0,3
train3441,1,1
train3442,0,4
train3443,0,4
train3444,0,3
train3445,-1,2
train3446,0,3
train3447,1,1
train3448,-1,2
train3449,0,3
train3450,0,4
train3451,1,1
train3452,0,4
train3453,1,1
train3454,-1,2
train3455,0,3
train3456,0,3
train3457,0,4
train3458,0,3
train3459,0,3
train3460,1,1
train3461,-1,2
train3462,0,4
train3463,0,4
train3464,0,3
train3465,0,4
train3466,-1,2
train3467,0,4
train3468,0,3
train3469,0,4
train3470,1,1
train3471,-1,2
train3472,0,4
train3473,-1,2
train3474,0,4
train3475,1,1
train3476,0,4
train3477,1,1
train3478,-1,2
train3479,-1,2
train3480,0,4
train3481,-1,2
train3482,0,4
train3483,0,4
train3484,1,1
train3485,0,3
train3486,-1,2
train3487,0,4
train3488,0,4
train3489,-1,2
train3490,-1,2
train3491,-1,2
train3492,1,1
train3493,0,3
train3494,0,4
train3495,0,4
train3496,-1,2
train3497,1,1
train3498,0,4
train3499,0,4
train3500,1,1
train3501,-1,2
train3502,0,4
train3503,0,3
train3504,0,3
train3505,1,1
train3506,1,1
train3507,0,4
train3508,1,1
train3509,0,3
train3510,0,3
train3511,0,3
train3512,0,4
train3513,0,4
train3514,-1,2
train3515,0,4
train3516,0,4
train3517,0,4
train3518,0,4
train3519,-1,2
train3520,0,3
train3521,0,4
train3522,0,3
train3523,1,1
train3524,0,3
train3525,0,4
train3526,-1,2
train3527,0,4
train3528,0,4
train3529,1,1
train3530,1,1
train3531,0,3
train3532,1,1
train3533,0,3
train3534,0,4
train3535,-1,2
train3536,-1,2
train3537,0,3
train3538,1,1
train3539,0,4
train3540,0,4
train3541,0,4
train3542,0,3
train3543,1,1
train3544,-1,2
train3545,0,4
train3546,-1,2
train3547,0,3
train3548,-1,2
train3549,1,1
train3550,0,4
train3551,0,4
train3552,0,4
train3553,1,1
train3554,-1,2
train3555,-1,2
train3556,0,4
train3557,0,4
train3558,1,1
train3559,0,4
train3560,0,4
train3561,0,4
train3562,1,1
train3563,-1,2
train3564,-1,2
train3565,0,3
train3566,1,1
train3567,-1,2
train3568,0,3
train3569,-1,2
train3570,-1,2
train3571,-1,2
train3572,0,3
train3573,-1,2
train3574,0,4
train3575,0,4
train3576,0,3
train3577,-1,2
train3578,0,4
train3579,1,1
train3580,-1,2
train3581,0,3
train3582,0,4
train3583,1,1
train3584,0,4
train3585,0,3
train3586,0,3
train3587,1,1
train3588,0,4
train3589,1,1
train3590,-1,2
train3591,0,3
train3592,1,1
train3593,0,3
train3594,1,1
train3595,-1,2
train3596,0,4
train3597,0,3
train3598,1,1
train3599,1,1
train3600,0,4
train3601,0,3
train3602,0,4
train3603,-1,2
train3604,0,4
train3605,0,3
train3606,-1,2
train3607,-1,2
train3608,-1,2
train3609,0,4
train3610,0,4
train3611,0,3
train3612,-1,2
train3613,1,1
train3614,1,1
train3615,0,4
train3616,1,1
train3617,-1,2
train3618,-1,2
train3619,1,1
train3620,0,3
train3621,-1,2
train3622,0,4
train3623,1,1
train3624,0,4
train3625,-1,2
train3626,-1,2
train3627,0,4
train3628,-1,2
train3629,0,3
train3630,-1,2
train3631,0,3
train3632,0,3
train3633,1,1
train3634,-1,2
train3635,-1,2
train3636,-1,2
train3637,1,1
train3638,0,3
train3639,-1,2
train3640,1,1
train3641,1,1
train3642,-1,2
train3643,0,4
train3644,-1,2
train3645,0,3
train3646,0,4
train3647,1,1
train3648,1,1
train3649,0,3
train3650,0,3
train3651,0,4
train3652,0,4
train3653,1,1
train3654,-1,2
train3655,0,4
train3656,-1,2
train3657,0,3
train3658,0,3
train3659,0,3
train3660,-1,2
train3661,0,3
train3662,0,3
train3663,0,4
train3664,0,3
train3665,1,1
train3666,0,4
train3667,-1,2
train3668,0,4
train3669,0,4
train3670,-1,2
train3671,0,3
train3672,-1,2
train3673,-1,2
train3674,1,1
train3675,0,4
train3676,0,3
train3677,0,3
train3678,-1,2
train3679,0,3
train3680,0,3
train3681,0,4
train3682,0,4
train3683,-1,2
train3684,0,3
train3685,0,4
train3686,-1,2
train3687,0,3
train3688,-1,2
train3689,1,1
train3690,1,1
train3691,0,3
train3692,0,3
train3693,0,3
train3694,1,1
train3695,0,3
train3696,0,4
train3697,-1,2
train3698,-1,2
train3699,1,1
train3700,0,3
train3701,0,4
train3702,-1,2
train3703,0,3
train3704,1,1
train3705,-1,2
train3706,0,4
train3707,0,3
train3708,1,1
train3709,0,3
train3710,0,3
train3711,-1,2
train3712,0,4
train3713,0,3
train3714,0,4
train3715,-1,2
train3716,-1,2
train3717,-1,2
train3718,-1,2
train3719,1,1
train3720,1,1
train3721,1,1
train3722,-1,2
train3723,0,4
train3724,0,3
train3725,0,4
train3726,-1,2
train3727,0,4
train3728,0,4
train3729,0,3
train3730,0,4
train3731,0,4
train3732,1,1
train3733,1,1
train3734,-1,2
train3735,0,3
train3736,0,3
train3737,-1,2
train3738,0,4
train3739,1,1
train3740,0,3
train3741,-1,2
train3742,0,4
train3743,-1,2
train3744,-1,2
train3745,-1,2
train3746,0,3
train3747,-1,2
train3748,0,4
train3749,1,1
train3750,0,3
train3751,0,4
train3752,1,1
train3753,-1,2
train3754,0,3
train3755,0,4
train3756,-1,2
train3757,1,1
train3758,-1,2
train3759,0,4
train3760,0,3
train3761,-1,2
train3762,1,1
train3763,1,1
train3764,0,3
train3765,0,3
train3766,1,1
train3767,0,4
train3768,0,4
train3769,-1,2
train3770,1,1
train3771,0,3
train3772,0,3
train3773,0,4
train3774,0,4
train3775,0,4
train3776,0,3
train3777,0,4
train3778,-1,2
train3779,-1,2
train3780,1,1
train3781,1,1
train3782,0,3
train3783,0,4
train3784,0,4
train3785,0,3
train3786,1,1
train3787,0,4
train3788,0,3
train3789,0,4
train3790,0,3
train3791,0,4
train3792,-1,2
train3793,0,3
train3794,0,3
train3795,0,3
train3796,0,4
train3797,0,3
train3798,0,3
train3799,0,3
train3800,0,3
train3801,0,4
train3802,0,3
train3803,0,4
train3804,0,3
train3805,0,3
train3806,0,4
train3807,0,4
train3808,0,4
train3809,-1,2
train3810,0,3
train3811,-1,2
train3812,0,4
train3813,1,1
train3814,0,4
train3815,-1,2
train3816,1,1
train3817,0,3
train3818,0,4
train3819,0,4
train3820,0,3
train3821,1,1
train3822,0,4
train3823,0,4
train3824,0,4
train3825,1,1
train3826,-1,2
train3827,0,3
train3828,0,3
train3829,1,1
train3830,0,3
train3831,0,3
train3832,-1,2
train3833,0,3
train3834,-1,2
train3835,0,3
train3836,-1,2
train3837,-1,2
train3838,-1,2
train3839,0,3
train3840,1,1
train3841,0,4
train3842,0,3
train3843,0,3
train3844,0,4
train3845,1,1
train3846,1,1
train3847,1,1
train3848,0,4
train3849,0,4
train3850,0,4
train3851,0,4
train3852,1,1
train3853,1,1
train3854,1,1
train3855,0,4
train3856,-1,2
train3857,1,1
train3858,1,1
train3859,1,1
train3860,0,4
train3861,0,4
train3862,1,1
train3863,1,1
train3864,-1,2
train3865,1,1
train3866,0,4
train3867,0,4
train3868,0,4
train3869,1,1
train3870,-1,2
train3871,0,3
train3872,0,3
train3873,0,4
train3874,1,1
train3875,1,1
train3876,-1,2
train3877,0,3
train3878,-1,2
train3879,-1,2
train3880,0,4
train3881,0,4
train3882,0,3
train3883,-1,2
train3884,0,4
train3885,-1,2
train3886,0,3
train3887,0,4
train3888,0,3
train3889,1,1
train3890,-1,2
train3891,-1,2
train3892,0,4
train3893,-1,2
train3894,0,4
train3895,0,3
train3896,1,1
train3897,0,4
train3898,-1,2
train3899,1,1
train3900,0,4
train3901,0,3
train3902,0,4
train3903,0,4
train3904,-1,2
train3905,1,1
train3906,0,4
train3907,-1,2
train3908,-1,2
train3909,0,4
train3910,0,3
train3911,0,3
train3912,0,3
train3913,1,1
train3914,0,4
train3915,0,3
train3916,0,3
train3917,1,1
train3918,1,1
train3919,1,1
train3920,0,4
train3921,-1,2
train3922,0,3
train3923,0,3
train3924,1,1
train3925,0,4
train3926,0,3
train3927,1,1
train3928,1,1
train3929,0,4
train3930,1,1
train3931,0,4
train3932,-1,2
train3933,0,3
train3934,-1,2
train3935,-1,2
train3936,0,4
train3937,0,4
train3938,0,4
train3939,0,3
train3940,-1,2
train3941,1,1
train3942,1,1
train3943,0,4
train3944,0,4
train3945,-1,2
train3946,-1,2
train3947,0,4
train3948,-1,2
train3949,0,4
train3950,0,3
train3951,0,4
train3952,0,3
train3953,-1,2
train3954,1,1
train3955,0,3
train3956,0,4
train3957,0,3
train3958,-1,2
train3959,1,1
train3960,0,4
train3961,0,4
train3962,-1,2
train3963,0,4
train3964,0,4
train3965,0,4
train3966,-1,2
train3967,0,4
train3968,0,4
train3969,0,3
train3970,0,4
train3971,-1,2
train3972,-1,2
train3973,0,3
train3974,-1,2
train3975,0,3
train3976,1,1
train3977,0,4
train3978,-1,2
train3979,-1,2
train3980,0,4
train3981,0,4
train3982,1,1
train3983,1,1
train3984,-1,2
train3985,-1,2
train3986,1,1
train3987,1,1
train3988,1,1
train3989,1,1
train3990,0,3
train3991,1,1
train3992,-1,2
train3993,1,1
train3994,0,3
train3995,-1,2
train3996,1,1
train3997,1,1
train3998,1,1
train3999,-1,2
train4000,-1,2
train4001,1,1
train4002,1,1
train4003,1,1
train4004,0,4
train4005,1,1
train4006,-1,2
train4007,0,4
train4008,0,4
train4009,0,4
train4010,-1,2
train4011,0,4
train4012,1,1
train4013,0,3
train4014,-1,2
train4015,-1,2
train4016,0,3
train4017,0,4
train4018,0,3
train4019,-1,2
train4020,0,3
train4021,-1,2
train4022,0,3
train4023,1,1
train4024,-1,2
train4025,-1,2
train4026,-1,2
train4027,0,4
train4028,1,1
train4029,-1,2
train4030,0,3
train4031,1,1
train4032,1,1
train4033,1,1
train4034,1,1
train4035,0,4
train4036,0,3
train4037,0,3
train4038,1,1
train4039,1,1
train4040,1,1
train4041,-1,2
train4042,1,1
train4043,0,3
train4044,-1,2
train4045,1,1
train4046,0,4
train4047,0,4
train4048,0,3
train4049,-1,2
train4050,1,1
